City_ID,City,Country,Lat,Lng,Max Temp,Humidity,Cloudiness,Wind Speed,Current Description
0,New Norfolk,AU,-42.7826,147.0587,68.9,49,100,3.0,overcast clouds
1,Leningradskiy,RU,69.3833,178.4167,-19.73,95,37,6.87,scattered clouds
2,Tasiilaq,GL,65.6145,-37.6368,26.76,67,100,39.44,overcast clouds
3,Acapulco,MX,16.8634,-99.8901,73.22,88,0,2.3,clear sky
4,Kavieng,PG,-2.5744,150.7967,83.66,71,92,8.21,overcast clouds
5,Rikitea,PF,-23.1203,-134.9692,78.49,73,13,7.85,few clouds
6,Busselton,AU,-33.65,115.3333,107.04,38,0,9.4,clear sky
7,Codrington,AU,-38.2667,141.9667,67.82,63,100,22.82,overcast clouds
8,Belaya Gora,RU,68.5333,146.4167,-36.58,100,71,0.56,broken clouds
9,Sabang,ID,5.8933,95.3214,82.0,76,88,20.49,overcast clouds
10,Panguipulli,CL,-39.6333,-72.3333,49.71,91,2,2.35,clear sky
11,Havoysund,NO,70.9963,24.6622,23.88,82,42,20.02,light snow
12,La Ronge,CA,55.1001,-105.2842,-9.15,77,100,5.75,overcast clouds
13,Ancud,CL,-41.8697,-73.8203,51.22,91,5,1.95,clear sky
14,Bethel,US,41.3712,-73.414,26.04,83,75,9.22,broken clouds
15,Fairbanks,US,64.8378,-147.7164,6.1,80,100,0.0,light snow
16,Vostok,RU,46.4856,135.8833,-0.96,91,100,5.79,overcast clouds
17,Punta Arenas,CL,-53.15,-70.9167,41.11,75,0,5.75,clear sky
18,Cayenne,GF,4.9333,-52.3333,80.1,85,75,7.0,broken clouds
19,Cabo San Lucas,MX,22.8909,-109.9124,62.94,70,17,3.4,few clouds
20,Jamestown,US,42.097,-79.2353,13.71,51,100,10.36,overcast clouds
21,Port Alfred,ZA,-33.5906,26.891,70.18,84,91,13.27,light rain
22,Hilo,US,19.7297,-155.09,71.8,89,75,3.44,broken clouds
23,Misratah,LY,32.3754,15.0925,57.25,40,6,10.38,clear sky
24,Ambon,ID,-3.6954,128.1814,89.74,62,40,4.61,scattered clouds
25,Pandua,IN,23.0833,88.2833,73.27,38,0,11.54,clear sky
26,Tokur,RU,53.1333,132.9,-2.67,89,100,4.27,overcast clouds
27,Albany,US,42.6001,-73.9662,15.31,85,100,1.01,overcast clouds
28,Moranbah,AU,-22.0016,148.0466,88.68,29,7,17.67,clear sky
29,Longyearbyen,SJ,78.2186,15.6401,10.24,61,20,28.77,few clouds
30,Saskylakh,RU,71.9167,114.0833,-12.14,99,99,4.92,overcast clouds
31,Puerto Ayora,EC,-0.7393,-90.3518,74.55,93,46,3.0,scattered clouds
32,Maxixe,MZ,-23.8597,35.3472,87.62,58,75,13.8,broken clouds
33,Hermanus,ZA,-34.4187,19.2345,74.89,63,2,21.12,clear sky
34,Pevek,RU,69.7008,170.3133,-27.65,99,36,5.32,scattered clouds
35,Xapuri,BR,-10.6517,-68.5044,72.9,95,100,3.06,overcast clouds
36,Bowmore,US,34.9421,-79.3031,53.62,72,75,5.99,broken clouds
37,Jumla,NP,29.2747,82.1838,44.87,40,3,6.13,clear sky
38,Bengkulu,ID,-3.8004,102.2655,80.4,76,100,6.51,overcast clouds
39,Bagnols-Sur-Ceze,FR,44.1599,4.6178,49.55,78,0,13.8,clear sky
40,Yellowknife,CA,62.456,-114.3525,-24.45,76,100,8.05,overcast clouds
41,Walvis Bay,NA,-22.9575,14.5053,68.95,77,28,4.61,scattered clouds
42,Mataura,NZ,-46.1927,168.8643,55.47,58,52,6.13,broken clouds
43,Port-Gentil,GA,-0.7193,8.7815,79.57,78,96,8.52,overcast clouds
44,Maceio,BR,-9.6658,-35.7353,74.64,88,40,3.44,scattered clouds
45,Ponta Do Sol,PT,32.6667,-17.1,63.23,63,7,5.97,clear sky
46,Coihaique,CL,-45.5752,-72.0662,51.75,82,0,4.61,clear sky
47,Metz,FR,49.1191,6.1727,36.86,92,0,11.5,clear sky
48,Cape Town,ZA,-33.9258,18.4232,74.1,49,0,4.61,clear sky
49,Vaini,TO,-21.2,-175.2,77.16,94,100,10.36,light rain
50,Nikolskoye,RU,59.7035,30.7861,21.7,92,100,13.91,light snow
51,Ushuaia,AR,-54.8,-68.3,42.46,93,0,9.22,clear sky
52,Phek,IN,25.6667,94.5,52.68,71,42,4.72,scattered clouds
53,Coquimbo,CL,-29.9533,-71.3436,62.33,82,0,2.3,clear sky
54,Galle,LK,6.0367,80.217,83.08,65,35,6.8,scattered clouds
55,Saint-Philippe,RE,-21.3585,55.7679,89.19,87,100,23.11,moderate rain
56,Xuddur,SO,4.1213,43.8894,83.75,23,6,21.21,clear sky
57,Geraldton,AU,-28.7667,114.6,102.61,13,0,17.27,clear sky
58,Verkhnyaya Inta,RU,65.9811,60.3094,2.89,97,97,3.8,overcast clouds
59,Yaan,NG,7.3833,8.5667,76.19,15,0,10.36,clear sky
60,Barrow,US,71.2906,-156.7887,-9.38,77,100,5.75,overcast clouds
61,Katsuura,JP,35.1333,140.3,43.11,40,55,4.52,broken clouds
62,Iqaluit,CA,63.7506,-68.5145,-22.27,61,100,0.0,overcast clouds
63,Antofagasta,CL,-23.65,-70.4,63.68,71,4,3.94,clear sky
64,Stornoway,GB,58.2093,-6.3865,42.93,92,75,8.01,light rain
65,Hithadhoo,MV,-0.6,73.0833,82.51,73,100,15.75,overcast clouds
66,Narsaq,GL,60.9167,-46.05,5.22,50,0,16.75,clear sky
67,Mandera,KE,3.9366,41.867,85.06,29,95,8.97,overcast clouds
68,Hobart,AU,-42.8794,147.3294,69.26,65,75,9.22,broken clouds
69,Olafsvik,IS,64.8945,-23.7142,28.71,61,100,29.55,overcast clouds
70,Aksu,CN,41.1231,80.2644,30.33,43,100,4.97,overcast clouds
71,Dovolnoye,RU,54.4958,79.6671,14.11,81,100,9.1,overcast clouds
72,Beringovskiy,RU,63.05,179.3167,-8.84,85,10,12.48,clear sky
73,Torbay,CA,47.6666,-52.7314,33.76,99,100,2.3,mist
74,Daru,PG,-9.0763,143.2092,84.87,73,100,15.03,overcast clouds
75,Aklavik,CA,68.2191,-135.0107,-24.77,93,6,16.2,clear sky
76,Kapaa,US,22.0752,-159.319,71.92,75,40,1.01,scattered clouds
77,Oranjestad,AW,12.524,-70.027,78.75,73,20,11.5,few clouds
78,Sao Filipe,CV,14.8961,-24.4956,72.72,68,0,9.15,clear sky
79,Kungurtug,RU,50.5994,97.5228,7.47,83,12,1.45,few clouds
80,Hobyo,SO,5.3505,48.5268,81.01,54,90,18.54,overcast clouds
81,Saldanha,ZA,-33.0117,17.9442,68.99,58,12,6.08,few clouds
82,Amberley,US,39.2048,-84.428,20.05,86,100,1.99,overcast clouds
83,Xichang,CN,27.8964,102.2634,62.89,34,88,8.08,overcast clouds
84,Rocha,UY,-34.4833,-54.3333,64.99,97,100,4.43,overcast clouds
85,Clyde River,CA,70.4692,-68.5914,-21.77,76,100,6.91,overcast clouds
86,Santa Maria,BR,-29.6842,-53.8069,72.21,92,100,3.42,moderate rain
87,Dutse,NG,11.7594,9.3392,57.6,23,6,6.78,clear sky
88,Potrerillos Abajo,PA,8.65,-82.4833,66.13,81,18,6.31,few clouds
89,Chokurdakh,RU,70.6333,147.9167,-31.77,100,57,2.06,broken clouds
90,Nhulunbuy,AU,-12.2333,136.7667,84.81,79,40,8.05,light rain
91,Norman Wells,CA,65.282,-126.8329,-10.26,95,100,5.08,overcast clouds
92,Provideniya,RU,64.3833,-173.3,0.7,72,0,10.0,clear sky
93,Qaanaaq,GL,77.484,-69.3632,1.0,73,100,6.33,overcast clouds
94,Margate,GB,51.3813,1.3862,37.96,83,8,1.99,clear sky
95,Tuktoyaktuk,CA,69.4541,-133.0374,-23.64,93,52,11.14,broken clouds
96,Bluff,NZ,-46.6,168.3333,55.8,59,70,6.13,broken clouds
97,Kashi,CN,39.4547,75.9797,31.23,74,75,2.24,broken clouds
98,Carlsbad,US,33.1581,-117.3506,60.4,27,0,1.99,clear sky
99,Port Blair,IN,11.6667,92.75,86.04,70,20,11.5,few clouds
100,Pochutla,MX,15.7432,-96.4661,73.81,72,0,3.13,clear sky
101,Lebu,CL,-37.6167,-73.65,56.3,90,3,16.91,clear sky
102,Garowe,SO,8.4054,48.4845,77.63,23,6,9.06,clear sky
103,Ponferrada,ES,42.5466,-6.5962,42.96,97,61,1.01,broken clouds
104,Georgetown,MY,5.4112,100.3354,89.53,71,40,1.99,scattered clouds
105,Praia,CV,14.9215,-23.5087,68.54,77,0,18.41,clear sky
106,Port Elizabeth,ZA,-33.918,25.5701,70.11,73,100,10.36,overcast clouds
107,Itupiranga,BR,-5.1347,-49.3267,73.72,98,100,4.85,overcast clouds
108,Atambua,ID,-9.1061,124.8925,81.73,69,83,4.65,broken clouds
109,Guerrero Negro,MX,27.9769,-114.0611,57.51,37,0,1.81,clear sky
110,Inhambane,MZ,-23.865,35.3833,87.78,58,75,13.8,broken clouds
111,Alta Floresta,BR,-9.8756,-56.0861,69.91,97,84,0.96,broken clouds
112,Berbera,SO,10.4396,45.0143,79.14,51,48,6.06,scattered clouds
113,Castro,BR,-24.7911,-50.0119,65.43,98,100,4.65,overcast clouds
114,East London,ZA,-33.0153,27.9116,67.14,100,75,2.3,light intensity drizzle
115,Vanavara,RU,60.34,102.2797,14.45,91,100,7.99,light snow
116,Khatanga,RU,71.9667,102.5,-35.91,100,60,2.46,broken clouds
117,Saint-Augustin,CA,51.226,-58.6502,-6.48,85,100,9.51,overcast clouds
118,Arraial Do Cabo,BR,-22.9661,-42.0278,75.47,89,86,20.38,overcast clouds
119,Trairi,BR,-3.2778,-39.2689,75.45,89,26,6.8,scattered clouds
120,Butaritari,KI,3.0707,172.7902,82.96,78,14,18.19,few clouds
121,Lamu,KE,-2.2717,40.902,82.62,66,100,5.79,overcast clouds
122,Nanortalik,GL,60.1432,-45.2371,12.97,60,58,39.17,broken clouds
123,Necochea,AR,-38.5473,-58.7368,64.04,81,100,9.8,overcast clouds
124,Pitimbu,BR,-7.4706,-34.8086,75.79,73,4,8.5,clear sky
125,Thinadhoo,MV,0.5333,72.9333,82.36,71,100,11.95,overcast clouds
126,Nizhniy Tsasuchey,RU,50.5167,115.1333,13.03,72,27,13.06,scattered clouds
127,Port Hedland,AU,-20.3167,118.5667,93.25,62,30,20.71,scattered clouds
128,Port Lincoln,AU,-34.7333,135.8667,75.04,49,4,11.56,clear sky
129,Tiksi,RU,71.6872,128.8694,-20.92,98,100,6.96,overcast clouds
130,Lima,PE,-12.0432,-77.0282,66.45,84,0,10.36,clear sky
131,Atuona,PF,-9.8,-139.0333,78.67,77,12,18.28,few clouds
132,Aripuana,BR,-9.1667,-60.6333,71.4,99,100,1.88,overcast clouds
133,Talnakh,RU,69.4865,88.3972,1.2,94,95,3.18,overcast clouds
134,Pocone,BR,-16.2567,-56.6228,74.71,84,98,3.78,overcast clouds
135,Lorengau,PG,-2.0226,147.2712,83.43,71,100,9.55,overcast clouds
136,Port-Cartier,CA,50.0334,-66.8654,-0.26,85,100,7.49,overcast clouds
137,Sambava,MG,-14.2667,50.1667,83.34,60,100,2.75,overcast clouds
138,Isangel,VU,-19.55,169.2667,78.26,88,100,10.07,overcast clouds
139,Bredasdorp,ZA,-34.5322,20.0403,72.28,64,52,19.57,broken clouds
140,Horsham,GB,51.064,-0.3272,39.43,87,0,5.75,clear sky
141,Bam,IR,29.106,58.357,77.47,17,0,11.88,clear sky
142,Papineauville,CA,45.6168,-75.016,7.27,94,100,3.87,overcast clouds
143,Ahipara,NZ,-35.1667,173.1667,71.29,97,100,10.18,light rain
144,Roma,US,43.2128,-75.4557,13.42,85,100,4.61,overcast clouds
145,Luderitz,NA,-26.6481,15.1594,69.22,71,49,5.91,scattered clouds
146,Vanimo,PG,-2.6741,141.3028,83.59,76,100,10.29,overcast clouds
147,Destin,US,30.3935,-86.4958,37.96,91,100,21.85,overcast clouds
148,Marawi,PH,7.9986,124.2928,74.64,69,80,8.32,broken clouds
149,Key West,US,24.5557,-81.7826,77.0,81,0,5.75,light rain
150,Tomatlan,MX,19.9333,-105.25,63.21,76,0,2.08,clear sky
151,Mukhen,RU,48.1,136.1,1.45,90,100,4.85,overcast clouds
152,Souillac,MU,-20.5167,57.5167,84.58,79,75,20.71,light rain
153,Saltpond,GH,5.2091,-1.0606,78.94,84,17,2.93,few clouds
154,Andenes,NO,69.3143,16.1194,28.38,74,92,19.57,overcast clouds
155,George Town,MY,5.4112,100.3354,89.53,71,40,1.01,scattered clouds
156,Hami,CN,42.8,93.45,32.59,21,100,7.07,overcast clouds
157,Saint George,US,37.1041,-113.5841,36.19,41,0,4.0,clear sky
158,Fortuna,US,40.5982,-124.1573,44.42,93,75,0.0,broken clouds
159,Muisne,EC,0.6,-80.0333,75.88,85,100,5.82,overcast clouds
160,Marystown,CA,47.1666,-55.1483,39.85,100,100,1.01,overcast clouds
161,Avarua,CK,-21.2078,-159.775,78.85,83,40,6.91,scattered clouds
162,Ambanja,MG,-13.6833,48.45,75.13,89,100,6.6,moderate rain
163,Jarvakandi,EE,58.7789,24.8258,33.39,98,100,10.58,light snow
164,Kemijarvi,FI,66.7131,27.4306,21.49,94,100,11.43,light snow
165,Bangarapet,IN,12.9667,78.2,85.39,40,100,7.72,overcast clouds
166,Tuatapere,NZ,-46.1333,167.6833,54.82,64,26,7.29,scattered clouds
167,Medicine Hat,CA,50.0501,-110.6683,38.91,63,40,5.99,scattered clouds
168,Jedrzejow,PL,50.6394,20.3045,39.18,62,100,8.99,overcast clouds
169,Samfya,ZM,-11.3649,29.5565,64.49,91,100,4.7,overcast clouds
170,Valleyview,CA,55.0667,-117.2859,2.68,99,100,2.98,overcast clouds
171,Maamba,ZM,-17.3667,27.15,74.97,74,61,1.81,broken clouds
172,Bubaque,GW,11.2833,-15.8333,77.63,56,0,9.51,clear sky
173,Faanui,PF,-16.4833,-151.75,80.94,73,82,14.65,light rain
174,Hambantota,LK,6.1241,81.1185,91.74,52,20,6.91,few clouds
175,Sumbe,AO,-11.2061,13.8437,77.11,75,68,4.7,broken clouds
176,Letlhakeng,BW,-24.0944,25.0298,75.16,62,16,13.13,few clouds
177,Taoudenni,ML,22.6783,-3.9836,60.58,16,100,9.73,overcast clouds
178,Vardo,NO,70.3705,31.1107,22.53,90,100,27.45,light snow
179,Wajir,KE,1.7471,40.0573,83.88,44,74,9.33,broken clouds
180,Janauba,BR,-15.8025,-43.3089,70.21,88,100,3.58,overcast clouds
181,Elizabeth City,US,36.2946,-76.2511,41.02,95,100,14.97,overcast clouds
182,Kitui,KE,-1.367,38.0106,75.78,51,100,4.81,overcast clouds
183,Cotonou,BJ,6.3654,2.4183,78.78,94,20,2.3,mist
184,Mangrol,IN,21.1167,70.1167,73.6,45,6,6.6,clear sky
185,Trinidad,BO,-14.8333,-64.9,72.57,98,95,3.67,light rain
186,Nola,IT,40.922,14.5329,55.92,77,81,5.99,broken clouds
187,Kuminskiy,RU,58.6667,66.5667,22.3,92,100,5.12,overcast clouds
188,Upernavik,GL,72.7868,-56.1549,-1.16,93,100,4.09,overcast clouds
189,Pringsewu,ID,-5.3582,104.9744,76.62,89,100,1.88,moderate rain
190,Tucuman,AR,-26.8241,-65.2226,64.4,100,40,6.91,mist
191,Egvekinot,RU,66.3167,-179.1667,-9.24,84,3,14.07,clear sky
192,Kachug,RU,53.9606,105.8817,15.03,86,100,1.19,overcast clouds
193,Padang,ID,-0.9492,100.3543,82.45,82,78,3.33,broken clouds
194,Mar Del Plata,AR,-38.0023,-57.5575,64.09,87,100,10.0,moderate rain
195,Ilulissat,GL,69.2167,-51.1,8.62,72,75,12.66,mist
196,Hasaki,JP,35.7333,140.8333,45.28,30,99,15.14,overcast clouds
197,Cherskiy,RU,68.75,161.3,-31.86,97,10,3.58,clear sky
198,Dudinka,RU,69.4058,86.1778,1.62,97,96,5.1,overcast clouds
199,Oriximina,BR,-1.7656,-55.8661,72.63,94,67,3.15,broken clouds
200,Constitucion,CL,-35.3333,-72.4167,58.53,78,3,8.81,clear sky
201,Arco,IT,45.9177,10.8867,47.79,86,97,4.03,overcast clouds
202,Sault Sainte Marie,CA,46.5168,-84.3333,1.96,70,0,0.0,clear sky
203,Takoradi,GH,4.8845,-1.7554,78.6,84,3,2.66,light rain
204,Goderich,CA,43.7501,-81.7165,10.9,85,100,3.44,overcast clouds
205,Hovd,MN,48.0056,91.6419,-1.55,83,2,4.12,clear sky
206,Warrington,GB,53.3925,-2.5802,43.86,85,20,1.01,few clouds
207,Te Anau,NZ,-45.4167,167.7167,57.76,58,1,6.62,clear sky
208,Flinders,AU,-34.5833,150.8552,71.38,65,81,8.99,broken clouds
209,Chapais,CA,49.7834,-74.8492,-24.02,98,100,3.2,overcast clouds
210,Concepcion Del Uruguay,AR,-32.4825,-58.2372,69.98,92,100,1.99,overcast clouds
211,Esperance,AU,-33.8667,121.9,96.64,50,0,22.41,clear sky
212,Lewistown,US,40.5992,-77.5714,28.08,96,100,0.0,overcast clouds
213,Turtas,RU,58.9417,69.1325,22.96,90,100,5.03,overcast clouds
214,Husavik,IS,66.0449,-17.3389,13.91,94,82,8.32,broken clouds
215,Wajid,SO,3.8093,43.2471,87.26,21,4,18.52,clear sky
216,Airai,TL,-8.9266,125.4092,68.04,82,100,3.36,overcast clouds
217,Angoche,MZ,-16.2325,39.9086,83.1,68,95,10.94,overcast clouds
218,Russell,US,32.3502,-85.1999,36.12,85,100,9.6,overcast clouds
219,Paso De Los Toros,UY,-32.8167,-56.5167,68.52,92,100,5.03,overcast clouds
220,Ribeira Grande,PT,38.5167,-28.7,57.6,82,40,11.5,scattered clouds
221,Road Town,VG,18.4167,-64.6167,73.99,73,100,18.7,light rain
222,Vao,NC,-22.6667,167.4833,80.37,85,99,7.27,overcast clouds
223,Salina,US,38.8403,-97.6114,22.3,87,0,5.75,clear sky
224,Buraydah,SA,26.326,43.975,55.85,30,0,12.66,clear sky
225,Adrar,MR,20.5022,-10.0711,59.85,14,99,9.22,overcast clouds
226,Gizycko,PL,54.0381,21.7644,32.86,98,100,19.19,snow
227,Brokopondo,SR,4.75,-55.1667,74.52,92,100,6.06,overcast clouds
228,Khani,GE,41.9563,42.9566,26.17,91,93,6.31,light snow
229,Villa Altagracia,DO,18.673,-70.171,67.01,89,74,3.58,broken clouds
230,Shush,IR,32.1942,48.2436,60.48,42,0,14.27,clear sky
231,Lompoc,US,34.6391,-120.4579,54.19,83,0,5.75,clear sky
232,Comitan,MX,16.25,-92.1333,51.91,91,2,5.23,clear sky
233,Uvalde,US,29.3669,-99.767,30.58,46,0,0.0,clear sky
234,Zeya,RU,53.75,127.2667,6.75,60,100,5.26,overcast clouds
235,Broome,US,42.2506,-75.833,16.7,82,100,1.99,mist
236,Prince Rupert,CA,54.3161,-130.3201,44.29,75,100,11.5,haze
237,Diapaga,BF,12.0708,1.7889,64.08,14,0,9.62,clear sky
238,Chicama,PE,-7.8447,-79.1469,70.16,80,96,4.47,overcast clouds
239,Black River,JM,18.0264,-77.8487,75.2,84,0,6.11,clear sky
240,Playa Vicente,MX,17.8333,-95.8167,57.16,80,100,10.42,overcast clouds
241,Biak,ID,-0.9131,122.8766,83.44,71,99,2.39,overcast clouds
242,Grand Gaube,MU,-20.0064,57.6608,84.6,80,100,10.0,overcast clouds
243,Inirida,CO,3.8653,-67.9239,72.41,98,99,0.81,overcast clouds
244,Bonthe,SL,7.5264,-12.505,72.52,94,99,3.98,overcast clouds
245,Mount Gambier,AU,-37.8333,140.7667,71.98,53,66,14.88,broken clouds
246,Muroto,JP,33.2833,134.15,44.64,45,82,23.62,broken clouds
247,Patos,BR,-7.0244,-37.28,74.35,76,10,4.38,clear sky
248,Pangnirtung,CA,66.1451,-65.7125,-25.67,99,100,0.92,overcast clouds
249,Lamesa,US,32.7376,-101.951,21.07,42,0,3.98,clear sky
250,Caravelas,BR,-17.7125,-39.2481,75.78,83,100,5.55,overcast clouds
251,Yerbogachen,RU,61.2767,108.0108,5.9,94,100,6.49,overcast clouds
252,Sitka,US,57.0531,-135.33,42.69,81,100,6.91,light rain
253,Faya,SA,18.3851,42.4509,62.71,55,8,8.46,clear sky
254,Havelock,US,34.8791,-76.9013,59.02,93,100,4.0,overcast clouds
255,Kaitangata,NZ,-46.2817,169.8464,55.92,66,29,5.61,scattered clouds
256,Bara,NG,10.3744,10.7288,64.18,27,0,8.84,clear sky
257,Ryotsu,JP,38.0833,138.4333,31.96,72,62,24.23,light snow
258,Grand-Lahou,CI,5.1367,-5.0242,77.59,86,47,1.34,scattered clouds
259,Namtsy,RU,62.7161,129.6658,-18.29,99,100,2.42,overcast clouds
260,Hofn,IS,64.2539,-15.2082,26.89,64,100,12.1,overcast clouds
261,Bend,US,44.0582,-121.3153,37.99,80,0,1.01,clear sky
262,Quatre Cocos,MU,-20.2078,57.7625,84.31,83,100,18.54,light rain
263,Humaita,BR,-7.5061,-63.0208,72.41,98,100,2.44,overcast clouds
264,Bathsheba,BB,13.2167,-59.5167,72.21,73,40,9.22,scattered clouds
265,Saint-Pierre,RE,-21.3393,55.4781,89.28,55,100,6.91,overcast clouds
266,Bambous Virieux,MU,-20.3428,57.7575,84.45,79,75,20.71,light rain
267,Yambio,SS,4.5721,28.3955,78.39,21,100,8.66,overcast clouds
268,Ascension,US,30.2169,-90.9001,35.01,82,100,11.5,overcast clouds
269,Katangli,RU,51.7102,143.2326,5.16,93,100,21.16,light snow
270,Kruisfontein,ZA,-34.0033,24.7314,67.89,66,52,12.86,broken clouds
271,Ganzhou,CN,28.8184,115.4327,50.65,50,6,8.01,clear sky
272,Kodiak,US,57.79,-152.4072,42.31,70,100,10.36,overcast clouds
273,San Patricio,US,28.017,-97.5169,37.83,78,6,9.42,clear sky
274,Tocopilla,CL,-22.092,-70.1979,67.96,72,0,4.36,clear sky
275,Niquero,CU,20.0431,-77.5828,69.44,87,0,13.09,clear sky
276,Namibe,AO,-15.1961,12.1522,75.99,52,74,3.53,broken clouds
277,Najran,SA,17.4924,44.1277,79.45,33,0,2.17,clear sky
278,Lawrenceburg,US,38.0373,-84.8966,21.92,93,20,6.91,few clouds
279,Avera,US,33.194,-82.5271,44.11,75,87,13.91,overcast clouds
280,Chuy,UY,-33.6971,-53.4616,67.24,95,100,3.8,overcast clouds
281,Mahebourg,MU,-20.4081,57.7,84.49,79,75,20.71,broken clouds
282,Ola,RU,59.5833,151.2833,-3.93,75,0,12.48,clear sky
283,Sisimiut,GL,66.9395,-53.6735,3.63,91,100,15.05,light snow
284,Sovetskaya Gavan,RU,48.9723,140.2878,14.02,68,100,11.61,overcast clouds
285,Plainview,US,40.7765,-73.4673,27.86,80,100,1.99,snow
286,Alice Springs,AU,-23.7,133.8833,81.95,24,0,11.5,clear sky
287,Samarai,PG,-10.6167,150.6667,84.0,74,100,10.0,overcast clouds
288,Mount Isa,AU,-20.7333,139.5,92.97,17,5,8.05,clear sky
289,Anloga,GH,5.7947,0.8973,79.02,79,4,2.15,light rain
290,Takab,IR,36.4009,47.1133,29.82,88,89,9.44,overcast clouds
291,Armidale,AU,-30.5167,151.65,55.81,78,33,11.05,scattered clouds
292,Namatanai,PG,-3.6667,152.4333,81.64,75,73,7.74,broken clouds
293,Dzhankoy,UA,45.7167,34.4,31.57,52,52,3.0,broken clouds
294,Thompson,CA,55.7435,-97.8558,-32.64,68,0,0.0,clear sky
295,Caraquet,CA,47.7941,-64.9386,10.35,90,100,12.12,light snow
296,Cairns,AU,-16.9167,145.7667,82.06,80,75,14.97,broken clouds
297,Mpika,ZM,-11.8343,31.4529,65.32,84,100,9.24,overcast clouds
298,Narimanov,RU,46.6927,47.8498,31.91,75,100,17.9,overcast clouds
299,Edea,CM,3.8,10.1333,78.58,67,54,1.34,broken clouds
300,Kloulklubed,PW,7.0419,134.2556,84.7,80,10,19.3,clear sky
301,Los Llanos De Aridane,ES,28.6585,-17.9182,57.13,68,0,8.99,clear sky
302,Tsaratanana,MG,-16.7833,47.65,78.39,87,100,10.2,light rain
303,Carnarvon,AU,-24.8667,113.6333,92.59,48,52,15.86,broken clouds
304,Karasburg,NA,-28.0167,18.75,84.07,25,80,14.5,broken clouds
305,Cabedelo,BR,-6.9811,-34.8339,75.87,73,3,9.33,clear sky
306,Darnah,LY,32.767,22.6367,56.57,70,0,11.41,clear sky
307,Urucara,BR,-2.5364,-57.76,71.13,93,99,1.79,overcast clouds
308,Stokmarknes,NO,68.5646,14.9108,31.5,73,100,10.4,overcast clouds
309,Terrak,NO,65.087,12.3715,35.47,95,100,24.63,moderate rain
310,Maragogi,BR,-9.0122,-35.2225,77.41,73,34,5.86,scattered clouds
311,Veraval,IN,20.9,70.3667,74.17,46,7,7.2,clear sky
312,Alcaudete,ES,37.5909,-4.0824,50.95,66,100,0.81,light rain
313,Mizusawa,JP,39.1333,141.1333,28.72,84,64,9.42,light snow
314,Zabaykalsk,RU,49.6333,117.3167,4.01,84,100,12.17,overcast clouds
315,Soyo,AO,-6.1349,12.3689,78.85,80,20,4.63,few clouds
316,Itoman,JP,26.1247,127.6694,61.18,51,75,21.85,broken clouds
317,Cidreira,BR,-30.1811,-50.2056,72.23,94,19,5.48,few clouds
318,Yuci,CN,37.6803,112.7319,35.35,14,0,4.47,clear sky
319,Kavaratti,IN,10.5669,72.642,78.4,60,5,8.08,clear sky
320,La Tuque,CA,47.4334,-72.7824,-0.15,65,100,5.75,overcast clouds
321,Wolfville,CA,45.0835,-64.3655,26.33,94,100,4.61,light snow
322,Miles City,US,46.4083,-105.8406,40.17,48,100,11.5,overcast clouds
323,Viedma,AR,-40.8135,-62.9967,59.52,70,100,19.44,overcast clouds
324,Dikson,RU,73.5069,80.5464,-9.02,93,100,6.64,overcast clouds
325,Dolgoprudnyy,RU,55.9041,37.5606,16.79,92,100,6.71,fog
326,Celestun,MX,20.8667,-90.4,73.27,84,84,20.22,broken clouds
327,Nome,US,64.5011,-165.4064,-3.93,71,0,0.0,clear sky
328,Konza,KE,-1.7426,37.1294,73.04,34,99,6.11,overcast clouds
329,Sorland,NO,67.667,12.6934,39.06,70,100,32.21,light rain
330,Alindao,CF,5.0267,21.2088,88.21,22,100,2.48,overcast clouds
331,Mezen,RU,65.8522,44.24,-0.24,97,96,8.88,overcast clouds
332,Yulara,AU,-25.2406,130.9889,89.44,14,0,9.22,clear sky
333,Chinhoyi,ZW,-17.3667,30.2,72.32,80,58,5.93,light rain
334,Westport,US,41.1415,-73.3579,27.81,83,100,3.0,overcast clouds
335,Ketchikan,US,55.3422,-131.6461,43.27,75,100,0.0,overcast clouds
336,Kurchum,KZ,48.5722,83.6542,7.52,80,3,2.57,clear sky
337,Ulaangom,MN,49.9811,92.0667,-12.91,95,97,3.69,overcast clouds
338,Marrakesh,MA,31.6315,-8.0083,51.87,58,0,3.44,clear sky
339,Pleasanton,US,37.6624,-121.8747,54.05,74,0,0.0,clear sky
340,Wapi Pathum,TH,15.8452,103.3768,89.06,38,74,8.97,broken clouds
341,Pozzallo,IT,36.7305,14.8499,53.2,78,98,12.68,overcast clouds
342,Arlit,NE,18.7369,7.3853,62.19,18,0,3.67,clear sky
343,Yabelo,ET,4.8833,38.0833,75.38,16,92,5.86,overcast clouds
344,Valera,VE,9.3178,-70.6036,67.21,84,2,4.79,clear sky
345,Hualmay,PE,-11.0964,-77.6139,69.24,86,100,7.63,overcast clouds
346,Deming,US,32.2687,-107.7586,29.25,58,0,9.22,clear sky
347,West Wendover,US,40.7391,-114.0733,29.68,58,65,1.5,broken clouds
348,Antalaha,MG,-14.9003,50.2788,88.07,54,100,5.08,overcast clouds
349,Kiboga,UG,0.9161,31.7742,78.62,35,100,4.43,overcast clouds
350,Takaka,NZ,-40.85,172.8,60.98,90,100,8.05,light rain
351,Kampene,CD,-3.6,26.6667,74.62,76,100,4.21,overcast clouds
352,Palembang,ID,-2.9167,104.7458,86.09,66,75,10.36,broken clouds
353,Urumqi,CN,43.801,87.6005,5.95,85,100,4.47,mist
354,Magadan,RU,59.5667,150.8,-2.47,68,0,11.56,clear sky
355,Yukamenskoye,RU,57.8865,52.2416,24.4,94,100,8.55,overcast clouds
356,Komsomolskiy,UZ,40.4272,71.7189,44.02,33,0,2.3,clear sky
357,Fomboni,KM,-12.28,43.7425,83.12,72,38,19.42,scattered clouds
358,Vikhorevka,RU,56.1201,101.1636,18.99,91,100,10.83,light snow
359,Poum,NC,-20.2333,164.0167,81.25,72,77,10.02,broken clouds
360,Luganville,VU,-15.5333,167.1667,79.59,87,100,6.93,overcast clouds
361,Manzhouli,CN,49.6,117.4333,4.91,82,100,11.59,overcast clouds
362,Puerto Madryn,AR,-42.7692,-65.0385,57.69,57,66,15.79,broken clouds
363,Marabba,SD,12.35,32.1833,70.5,17,100,19.91,overcast clouds
364,Kununurra,AU,-15.7667,128.7333,85.98,70,100,4.61,overcast clouds
365,Cap-Aux-Meules,CA,47.3821,-61.8597,24.82,93,100,21.85,overcast clouds
366,Benguela,AO,-12.5763,13.4055,78.93,56,93,1.34,overcast clouds
367,Virginia Beach,US,36.8529,-75.978,39.25,90,100,3.0,overcast clouds
368,Maues,BR,-3.3836,-57.7186,70.92,99,100,1.95,heavy intensity rain
369,Lundazi,ZM,-12.2929,33.1782,65.57,88,100,4.97,overcast clouds
370,Tanda,IN,26.55,82.65,66.13,48,11,8.5,few clouds
371,Ostrovnoy,RU,68.0531,39.5131,15.57,82,100,29.17,overcast clouds
372,Port Hardy,CA,50.6996,-127.4199,44.76,93,100,2.3,light intensity drizzle
373,Shimoda,JP,34.6667,138.95,46.76,49,17,29.84,few clouds
374,Zima,RU,53.9202,102.0442,15.37,83,100,4.05,overcast clouds
375,Pleasant Point,NZ,-44.2667,171.1333,55.27,78,100,1.34,overcast clouds
376,Sorong,ID,-0.8833,131.25,83.97,74,77,16.49,broken clouds
377,Waw,SS,7.7029,27.9953,79.86,13,100,10.02,overcast clouds
378,Biltine,TD,14.5333,20.9167,66.88,16,5,21.23,clear sky
379,Karasjok,NO,69.4719,25.5112,17.71,93,100,11.18,overcast clouds
380,Neuquen,AR,-38.9516,-68.0591,59.65,56,95,12.12,overcast clouds
381,Kahului,US,20.8947,-156.47,74.84,84,40,9.22,scattered clouds
382,Barmer,IN,25.75,71.3833,75.58,26,0,10.78,clear sky
383,La Ligua,CL,-32.4524,-71.2311,56.98,84,0,1.48,clear sky
384,Charters Towers,AU,-20.1,146.2667,86.29,38,63,12.5,broken clouds
385,Berlevag,NO,70.8578,29.0864,20.75,81,100,21.43,overcast clouds
386,Pilar,BR,-9.5972,-35.9567,73.33,86,28,3.24,scattered clouds
387,Igrim,RU,63.1906,64.4162,4.08,93,100,1.16,overcast clouds
388,Vila,PT,42.0304,-8.1588,39.33,86,53,5.82,broken clouds
389,Mollendo,PE,-17.0231,-72.0147,68.77,85,72,6.46,broken clouds
390,Valdepenas,ES,38.7621,-3.3848,44.02,77,100,2.42,overcast clouds
391,Pacific Grove,US,36.6177,-121.9166,52.83,56,0,1.01,clear sky
392,Ekhabi,RU,53.5102,142.9671,2.71,94,100,21.56,light snow
393,Sola,VU,-13.8833,167.55,82.13,78,100,20.22,overcast clouds
394,Tripoli,LY,32.8752,13.1875,58.53,41,9,15.26,clear sky
395,Manali,IN,13.1667,80.2667,86.09,74,93,10.25,overcast clouds
396,Montrose,US,38.4166,-108.2673,17.94,72,2,3.49,clear sky
397,Krasnoselkup,RU,65.7,82.4667,15.91,95,100,9.51,overcast clouds
398,Waddan,LY,29.1614,16.139,55.54,32,3,3.89,clear sky
399,Acarau,BR,-2.8856,-40.12,76.98,87,61,8.88,broken clouds
400,Barra Do Garcas,BR,-15.89,-52.2567,71.46,94,100,2.39,overcast clouds
401,Khandbari,NP,27.3747,87.2039,57.69,61,43,7.2,scattered clouds
402,Laguna,US,38.421,-121.4238,52.65,79,0,0.0,clear sky
403,Salou,ES,41.0766,1.1416,54.16,68,20,5.01,few clouds
404,Ucluelet,CA,48.9329,-125.5528,46.09,91,63,5.01,broken clouds
405,Tautira,PF,-17.7333,-149.15,80.62,70,5,15.23,clear sky
406,Spring Valley,US,36.108,-115.245,46.29,31,0,4.61,clear sky
407,Utinga,BR,-5.8172,-35.3954,75.6,94,20,3.44,few clouds
408,Severo-Kurilsk,RU,50.6789,156.125,29.14,90,99,11.7,light snow
409,Turbat,PK,26.0023,63.044,77.77,15,0,8.79,clear sky
410,Timmendorfer Strand,DE,54.0,10.7833,36.34,82,7,18.7,clear sky
411,Rawson,AR,-43.3002,-65.1023,56.64,61,72,15.37,broken clouds
412,Naryan-Mar,RU,67.6713,53.087,-10.55,100,99,6.91,overcast clouds
413,Dingle,PH,10.9995,122.6711,79.93,79,77,15.43,broken clouds
414,Huanan,CN,46.2167,130.5167,4.57,93,100,10.22,overcast clouds
415,Hamilton,US,39.1834,-84.5333,20.98,87,100,1.99,overcast clouds
416,Lavrentiya,RU,65.5833,-171.0,-11.36,92,4,8.52,clear sky
417,Pueblo Nuevo,MX,23.3833,-105.3833,40.01,53,0,9.46,clear sky
418,Strausberg,DE,52.5786,13.8874,39.69,86,100,17.81,overcast clouds
419,Sweetwater,US,25.7634,-80.3731,74.01,92,0,3.44,clear sky
420,Muskegon,US,43.3,-86.1334,14.92,88,0,4.61,clear sky
421,Asau,RO,46.4333,26.4,38.95,52,100,6.46,overcast clouds
422,Marzuq,YE,14.4,46.4667,82.22,15,10,2.1,clear sky
423,Gizo,SB,-8.103,156.8419,84.36,72,71,6.4,broken clouds
424,Bom Jesus,BR,-9.0744,-44.3586,71.02,82,72,0.63,broken clouds
425,Ilorin,NG,8.5,4.55,66.56,55,2,0.0,haze
426,Honningsvag,NO,70.9821,25.9704,24.62,73,16,19.82,light snow
427,Svetlyy,RU,54.675,20.1347,37.45,85,100,22.88,overcast clouds
428,Germantown,US,39.1732,-77.2717,32.49,78,100,1.01,overcast clouds
429,Rincon,US,32.296,-81.2354,55.85,90,100,1.01,overcast clouds
430,Karratha,AU,-20.7377,116.8463,89.98,61,58,16.24,broken clouds
431,Mala Bilozerka,UA,47.2474,34.9346,26.51,66,7,1.79,clear sky
432,Cheremshan,RU,54.6667,51.5,28.11,94,100,7.4,overcast clouds
433,Plettenberg Bay,ZA,-34.0527,23.3716,71.56,62,0,9.75,clear sky
434,Douglas,US,41.3,-96.167,15.98,51,0,1.01,clear sky
435,Cedar City,US,37.6775,-113.0619,24.4,63,0,3.44,clear sky
436,Vilyuysk,RU,63.7553,121.6247,-20.36,100,97,3.06,overcast clouds
437,Axim,GH,4.8699,-2.2405,80.62,78,4,1.63,clear sky
438,Haikou,CN,20.0458,110.3417,60.93,82,75,11.18,broken clouds
439,Panjab,AF,34.388,67.0233,29.46,52,82,0.47,broken clouds
440,Gilbert,US,33.3528,-111.789,54.1,28,0,3.0,clear sky
441,Buala,SB,-8.145,159.5921,82.15,82,33,6.24,scattered clouds
442,Denpasar,ID,-8.65,115.2167,84.63,68,98,10.49,overcast clouds
443,Santiago,CL,-33.4569,-70.6483,70.99,51,0,8.05,clear sky
444,Shitanjing,CN,39.2342,106.3439,20.25,29,100,4.7,overcast clouds
445,Gander,CA,48.9682,-54.5906,19.78,92,100,10.0,overcast clouds
446,Anton Lizardo,MX,19.05,-95.9833,58.21,71,100,31.0,overcast clouds
447,Ballina,AU,-28.8667,153.5667,75.38,60,75,19.57,broken clouds
448,Bahia Blanca,AR,-38.7196,-62.2724,63.19,79,100,18.7,moderate rain
449,Lata,PT,40.1629,-8.3327,41.41,95,72,3.51,broken clouds
450,Alofi,NU,-19.0595,-169.9187,75.09,94,100,5.75,overcast clouds
451,Yatou,CN,37.15,122.3833,30.52,43,15,16.78,few clouds
452,Pemangkat,ID,1.1667,108.9667,81.18,82,100,13.13,overcast clouds
453,Vilcun,CL,-38.65,-72.2333,48.94,99,28,2.08,scattered clouds
454,Vilhena,BR,-12.7406,-60.1458,67.57,97,97,3.13,overcast clouds
455,Okato,NZ,-39.2,173.8833,68.92,97,100,8.57,light rain
456,Bonavista,CA,48.6499,-53.1147,30.11,95,100,24.65,snow
457,Pittsfield,US,42.4501,-73.2454,20.25,86,100,1.99,mist
458,Mookane,BW,-23.688,26.6595,77.85,56,88,14.27,light rain
459,Saryg-Sep,RU,51.5,95.6,3.07,89,72,2.91,broken clouds
460,Kirakira,SB,-10.4544,161.9205,81.95,84,100,6.58,overcast clouds
461,Santona,ES,43.4439,-3.4576,52.07,77,100,5.48,overcast clouds
462,Doha,QA,25.2867,51.5333,78.78,29,0,8.05,clear sky
463,Baiyin,CN,36.5583,104.2081,22.08,76,100,11.3,overcast clouds
464,Burkburnett,US,34.0979,-98.5706,23.45,86,0,9.22,clear sky
465,Saint-Joseph,RE,-21.3667,55.6167,88.18,81,100,17.47,light rain
466,Jalu,LY,29.0331,21.5482,53.15,66,0,2.82,clear sky
467,Beloha,MG,-25.1667,45.05,89.94,48,95,19.93,overcast clouds
468,Nishihara,JP,26.1842,127.7558,60.46,51,75,21.85,broken clouds
469,Jadu,LY,31.953,12.0261,51.67,27,29,9.6,scattered clouds
470,Filadelfia,US,39.9523,-75.1638,29.17,77,75,8.01,broken clouds
471,Qandala,SO,11.472,49.8728,81.88,39,3,5.95,clear sky
472,Zyryanskoye,RU,56.8306,86.6258,20.5,81,100,14.56,overcast clouds
473,Iquique,CL,-20.2208,-70.1431,64.44,75,8,1.39,clear sky
474,Saint Anthony,US,45.0205,-93.218,-1.07,74,40,5.75,scattered clouds
475,Talcahuano,CL,-36.7167,-73.1167,56.88,77,0,9.22,clear sky
476,Tungor,RU,53.3808,142.9564,2.44,94,100,21.92,light snow
477,San Mateo Ixtatan,GT,15.8319,-91.4781,40.55,95,49,3.04,scattered clouds
478,Rio Gallegos,AR,-51.6226,-69.2181,50.05,66,0,19.57,clear sky
479,Leh,IN,34.1667,77.5833,5.67,82,63,1.5,broken clouds
480,Mul,IN,20.0667,79.6667,82.83,12,100,1.7,overcast clouds
481,Moroceli,HN,14.1167,-86.8667,70.63,91,53,4.0,broken clouds
482,Boa Vista,BR,2.8197,-60.6733,78.78,69,0,11.5,clear sky
483,Bowen,AU,-20.0167,148.2333,82.62,69,99,21.45,overcast clouds
484,State College,US,40.7934,-77.86,22.39,87,100,1.99,overcast clouds
485,Victoria,HK,22.2855,114.1577,66.18,72,67,1.01,broken clouds
486,Ouegoa,NC,-20.35,164.4333,80.24,77,97,7.52,overcast clouds
487,Goundam,ML,16.4145,-3.6708,62.58,14,0,10.02,clear sky
488,Champerico,GT,14.3,-91.9167,77.04,72,0,3.02,clear sky
489,Nassau,US,40.7507,-73.5829,28.06,79,100,4.0,overcast clouds
490,Rybnoye,RU,54.7256,39.5119,10.33,95,61,7.49,broken clouds
491,Astoria,US,46.1879,-123.8313,44.85,95,100,3.44,overcast clouds
492,Apucarana,BR,-23.5508,-51.4608,68.13,98,100,3.27,overcast clouds
493,Maunabo,PR,18.0072,-65.8993,71.71,90,62,9.55,broken clouds
494,Xai-Xai,MZ,-25.0519,33.6442,84.56,59,8,14.05,light rain
495,Talara,PE,-4.5772,-81.2719,72.73,77,76,12.84,broken clouds
496,Labuan,MY,5.2767,115.2417,87.96,74,20,7.0,few clouds
497,Meulaboh,ID,4.1363,96.1285,85.15,65,78,9.22,broken clouds
498,Mfou,CM,3.7159,11.6427,69.66,100,75,2.3,mist
499,Kushnarenkovo,RU,55.105,55.3508,25.18,84,100,5.01,light snow
500,Kochubey,RU,44.3861,46.5825,36.41,71,100,19.53,overcast clouds
501,Opuwo,NA,-18.0607,13.84,73.18,42,100,0.85,overcast clouds
502,Fort Walton Beach,US,30.4058,-86.6188,37.42,91,100,9.22,overcast clouds
503,Hastings,GB,50.8552,0.5729,40.28,78,58,12.59,broken clouds
504,Cap Malheureux,MU,-19.9842,57.6142,84.69,78,100,15.99,overcast clouds
505,Caruray,PH,10.3094,119.0128,82.89,70,80,15.03,broken clouds
506,Iwaki,JP,37.05,140.8833,35.02,46,3,5.99,clear sky
507,Sendenhorst,DE,51.8333,7.8333,39.61,76,84,15.1,broken clouds
508,Goya,AR,-29.14,-59.2626,71.49,74,99,4.79,overcast clouds
509,Ayan,RU,56.45,138.1667,-1.39,69,100,14.99,overcast clouds
510,Arman,RU,59.7,150.1667,-3.57,71,0,13.09,clear sky
511,Kudahuvadhoo,MV,2.6708,72.8944,82.22,71,1,13.38,clear sky
512,Stevens Point,US,44.5236,-89.5746,2.19,77,0,4.61,clear sky
513,Tigzirt,DZ,36.8886,4.1198,56.8,66,92,5.44,overcast clouds
514,Rio Grande,BR,-32.035,-52.0986,69.94,92,100,6.64,overcast clouds
515,Yafran,LY,32.0633,12.5286,52.18,28,12,8.37,few clouds
516,Paraiso,CR,9.8383,-83.8656,63.46,100,71,4.05,broken clouds
517,Eregli,TR,37.5133,34.0467,25.27,83,39,3.62,scattered clouds
518,Solvychegodsk,RU,61.3305,46.9156,6.42,93,73,2.89,broken clouds
519,Charcas,MX,23.1333,-101.1167,38.01,88,42,7.54,scattered clouds
520,Hay River,CA,60.8156,-115.7999,-9.42,77,100,8.05,light snow
521,Taltal,CL,-25.4,-70.4833,65.53,78,0,1.59,clear sky
522,Shirokiy,RU,49.758,129.523,1.11,92,100,6.4,overcast clouds
523,Nuuk,GL,64.1835,-51.7216,7.41,85,100,9.22,light snow
524,Tynda,RU,55.1667,124.7167,2.88,72,55,11.14,broken clouds
525,Castrillon,ES,43.3979,-6.7922,43.34,95,93,2.8,overcast clouds
526,Palestine,PS,31.9216,35.2033,44.47,96,85,13.49,overcast clouds
527,Tefe,BR,-3.3542,-64.7114,71.58,100,100,0.65,heavy intensity rain
528,Belogorsk,RU,50.9158,128.4611,2.89,90,99,3.4,overcast clouds
529,Luis Correia,BR,-2.8792,-41.6669,76.39,89,91,9.04,light rain
530,Hurghada,EG,27.2574,33.8129,60.84,39,0,13.8,clear sky
531,Myitkyina,MM,25.3833,97.4,72.01,49,100,1.99,overcast clouds
532,Kamenka,RU,51.3223,42.7678,17.74,93,92,9.82,overcast clouds
533,Imbituba,BR,-28.24,-48.6703,78.69,94,100,5.75,overcast clouds
534,Lagoa,PT,39.05,-27.9833,58.19,77,46,20.56,scattered clouds
535,Tambun,ID,-6.2641,107.0712,84.49,100,40,4.61,scattered clouds
536,Bukama,CD,-9.2,25.85,73.67,82,100,1.34,overcast clouds
537,Achutupo,PA,9.2,-77.9833,77.56,87,100,10.83,overcast clouds
538,Puerto Del Rosario,ES,28.5004,-13.8627,62.28,67,0,5.75,clear sky
539,Nador,MA,35.174,-2.9287,61.05,55,0,6.91,clear sky
540,Kapit,MY,2.0167,112.9333,90.5,52,94,0.72,overcast clouds
541,Ossora,RU,59.2353,163.0719,4.71,86,65,10.25,broken clouds
542,Dunedin,NZ,-45.8742,170.5036,55.8,61,67,1.99,broken clouds
543,Shetpe,KZ,44.1667,52.1167,34.2,95,100,18.54,overcast clouds
544,Osa,RU,57.2829,55.4567,33.4,96,100,3.29,light snow
545,Coaldale,CA,49.7167,-112.6185,39.81,48,40,28.77,scattered clouds
546,Shingu,JP,33.7333,135.9833,42.91,50,7,13.91,clear sky
547,Zhigansk,RU,66.7697,123.3711,-30.1,100,100,4.74,overcast clouds
548,Bunia,CD,1.5667,30.25,77.52,35,100,7.7,overcast clouds
549,New Ulm,US,44.3125,-94.4605,-0.44,79,100,3.44,overcast clouds
550,San Quintin,MX,30.4833,-115.95,54.61,41,10,2.95,clear sky
551,Klaksvik,FO,62.2266,-6.589,34.72,97,100,19.19,light snow
552,Half Moon Bay,US,37.4636,-122.4286,55.02,67,0,0.0,clear sky
553,Nantucket,US,41.2835,-70.0995,32.14,93,100,19.08,snow
554,Batesville,US,35.7698,-91.641,27.01,63,0,0.0,clear sky
555,Genhe,CN,50.7833,121.5167,5.45,78,100,7.0,overcast clouds
556,Kieta,PG,-6.2167,155.6333,82.8,81,62,9.71,broken clouds
557,Pasighat,IN,28.0667,95.3333,58.91,88,100,3.06,overcast clouds
558,Kjopsvik,NO,68.097,16.3742,31.17,81,68,12.75,broken clouds
559,Askino,RU,56.0901,56.5783,32.0,83,100,2.33,overcast clouds
560,Houma,US,29.5958,-90.7195,36.0,79,34,11.01,scattered clouds
561,Hokitika,NZ,-42.7167,170.9667,56.25,88,100,6.96,light rain
562,Doka,SD,13.5167,35.7667,75.11,34,20,12.71,few clouds
563,Bandundu,CD,-3.3167,17.3667,77.65,80,100,2.48,overcast clouds
564,Dezful,IR,32.3811,48.4058,61.18,37,0,10.47,clear sky
565,Bouloupari,NC,-21.8667,166.05,82.31,87,100,6.26,overcast clouds
566,Malpe,IN,13.35,74.7167,83.5,54,99,10.36,overcast clouds
567,Kalemie,CD,-5.9475,29.1947,73.42,83,98,1.74,moderate rain
568,Agadez,NE,19.75,10.25,55.35,31,0,10.2,clear sky
569,Salalah,OM,17.0151,54.0924,78.89,57,20,6.91,few clouds
570,Lazarev,RU,52.225,141.5131,9.18,78,100,14.81,overcast clouds
571,Mackenzie,CA,55.2999,-123.1698,39.42,70,0,3.44,clear sky
572,Breyten,ZA,-26.3018,29.987,56.19,92,100,9.75,overcast clouds
573,Manthani,IN,18.65,79.6667,82.44,16,100,5.75,overcast clouds
574,Goure,NE,13.9835,10.2704,62.02,22,6,19.69,clear sky
575,Rio Tercero,AR,-32.173,-64.1141,64.8,65,14,11.7,few clouds
576,Betioky,MG,-23.7167,44.3833,96.82,30,100,6.11,overcast clouds
577,Richards Bay,ZA,-28.783,32.0377,72.23,87,100,10.63,light rain
578,Tatarsk,RU,55.219,75.9828,19.02,82,100,9.01,overcast clouds
579,Ambulu,ID,-8.345,113.6058,83.8,72,91,5.53,overcast clouds
580,Tongchuan,CN,35.0806,109.0897,32.63,50,100,8.23,light snow
581,Mikumi,TZ,-7.4041,36.9831,70.25,96,100,3.42,overcast clouds
582,Rapid Valley,US,44.0625,-103.1463,45.45,50,0,3.44,clear sky
583,Waingapu,ID,-9.6567,120.2641,86.54,67,99,14.72,overcast clouds
584,Khandyga,RU,62.6667,135.6,-32.85,99,100,1.19,overcast clouds
585,Hakui,JP,36.8833,136.7833,33.24,71,100,10.78,light snow
586,Weligama,LK,5.9667,80.4167,85.03,61,27,7.87,scattered clouds
587,Pervomayskoye,RU,43.919,46.7102,36.7,69,100,17.47,overcast clouds
588,Sao Joao Da Barra,BR,-21.6403,-41.0511,74.39,91,98,11.41,overcast clouds
589,Sawtell,AU,-30.3833,153.1,73.72,60,40,20.71,scattered clouds
590,Santa Luzia,BR,-19.7697,-43.8514,71.94,83,40,0.0,scattered clouds
591,Aykhal,RU,66.0,111.5,-20.6,100,73,5.86,broken clouds
592,Nyurba,RU,63.2842,118.3319,-7.73,98,100,3.4,overcast clouds
593,Sioux Lookout,CA,50.1001,-91.917,-12.62,83,20,3.44,few clouds
594,Zhanaozen,KZ,43.3,52.8,37.0,87,100,18.72,overcast clouds
595,Kimbe,PG,-5.5502,150.1429,81.34,81,72,5.75,broken clouds
596,Haines Junction,CA,60.7522,-137.5108,-9.45,77,100,3.44,overcast clouds
597,Galesong,ID,-5.3166,119.3661,86.02,71,96,10.78,light rain
598,Carutapera,BR,-1.195,-46.02,74.89,93,100,3.24,overcast clouds
599,Loiza,PR,18.4313,-65.8802,71.96,91,40,3.44,scattered clouds
600,Vestmannaeyjar,IS,63.4427,-20.2734,31.68,80,100,30.18,heavy snow
601,Chulman,RU,56.8479,124.9104,-3.5,93,100,7.63,overcast clouds
602,Moose Factory,CA,51.2585,-80.6094,-20.2,69,0,3.44,clear sky
603,Murgab,TM,37.4966,61.9714,71.47,12,40,18.41,dust
604,Zyryanka,RU,65.75,150.85,-37.62,100,22,2.28,few clouds
605,Luau,AO,-10.7073,22.2247,70.12,79,99,3.49,overcast clouds
606,Christchurch,NZ,-43.5333,172.6333,54.91,91,100,1.99,moderate rain
607,Diamantino,BR,-14.4086,-56.4461,70.93,93,39,3.31,scattered clouds
608,Mae Hong Son,TH,19.3003,97.9685,86.14,48,75,2.3,moderate rain
609,Bay Roberts,CA,47.5999,-53.2648,34.34,97,100,4.32,snow
610,Koubia,GN,11.5833,-11.9,65.17,22,0,3.29,clear sky
611,Longhua,CN,23.6137,114.1919,61.3,59,88,3.44,overcast clouds
612,Zyryanovsk,KZ,49.7386,84.2719,5.86,82,5,1.21,clear sky
613,Morehead,US,37.2711,-87.1764,17.35,93,0,0.0,clear sky
614,Deputatskiy,RU,69.3,139.9,-29.47,99,48,3.27,scattered clouds
615,Surt,LY,31.2089,16.5887,56.34,48,15,12.77,few clouds
616,Altay,CN,47.8667,88.1167,18.61,73,0,1.57,clear sky
617,Anadyr,RU,64.75,177.4833,0.1,71,0,2.24,clear sky
618,Merrill,US,45.1805,-89.6835,-4.05,80,0,0.0,clear sky
619,Moree,AU,-29.4667,149.85,82.42,24,22,12.66,few clouds
620,Socorro,US,31.6546,-106.3033,32.38,64,0,0.0,clear sky
621,Mitsamiouli,KM,-11.3847,43.2844,84.49,79,40,9.22,moderate rain
622,Santa Rosa,PH,14.3122,121.1114,87.78,62,94,18.01,overcast clouds
623,Xining,CN,36.6167,101.7667,20.73,55,100,7.99,overcast clouds
624,Pisco,PE,-13.7,-76.2167,66.25,82,0,4.61,clear sky
625,Cascais,PT,38.6979,-9.4215,52.97,78,20,1.01,few clouds
626,Vung Tau,VN,10.346,107.0843,81.5,71,100,23.69,overcast clouds
627,Sakaiminato,JP,35.55,133.2333,33.78,75,75,29.93,broken clouds
628,Kargasok,RU,59.0556,80.8572,24.94,94,100,9.75,overcast clouds
629,Irbil,IQ,36.1926,44.0106,48.02,87,75,6.91,broken clouds
630,Fria,GN,10.4167,-13.5833,67.23,67,0,2.33,clear sky
631,Kiunga,PG,-6.1219,141.2906,83.41,72,100,5.7,overcast clouds
632,Vila Franca Do Campo,PT,37.7167,-25.4333,59.2,80,100,10.49,overcast clouds
633,Atar,MR,20.5169,-13.0499,66.83,11,58,6.02,broken clouds
634,Khuzhir,RU,53.1939,107.3397,16.0,85,79,5.95,broken clouds
635,Sarkand,KZ,45.41,79.9186,29.26,71,2,2.01,clear sky
636,Sedalia,US,38.7045,-93.2283,17.51,49,0,4.61,clear sky
637,Polis,CY,35.0367,32.4264,57.02,77,2,8.03,clear sky
638,Felipe Carrillo Puerto,MX,19.5833,-88.05,69.48,97,24,1.7,few clouds
639,Oleksandrivka,UA,48.9634,32.2349,21.79,84,89,8.16,overcast clouds
640,Tumut,AU,-35.3,148.2167,77.99,41,83,10.98,broken clouds
641,Grindavik,IS,63.8424,-22.4338,27.07,86,100,41.43,snow
642,Vila Velha,BR,-20.3297,-40.2925,75.15,96,75,8.01,broken clouds
643,Tilichiki,RU,60.4667,166.1,-3.82,86,71,7.36,broken clouds
644,Yangambi,CD,0.8102,24.4336,84.49,51,100,2.75,overcast clouds
645,Znamenskoye,RU,57.1281,73.8282,25.5,83,100,6.33,overcast clouds
646,Idar,DE,49.7167,7.3,36.37,90,22,9.33,few clouds
647,Dunmore East,IE,52.1514,-6.9861,44.69,78,100,22.64,overcast clouds
648,Bairiki,KI,1.3292,172.9752,82.4,83,75,12.66,broken clouds
649,West Des Moines,US,41.572,-93.7453,4.24,75,0,3.0,clear sky
650,Candelaria,PH,13.9311,121.4233,81.39,68,55,12.93,broken clouds
651,Sacramento,US,38.4666,-121.3177,52.81,80,0,0.0,clear sky
652,Aqtobe,KZ,50.2797,57.2072,23.09,80,0,11.18,clear sky
653,Makow Mazowiecki,PL,52.8649,21.1005,41.02,82,100,21.99,overcast clouds
654,Newport,GB,51.5877,-2.9984,45.61,85,100,15.68,overcast clouds
655,Baruun-Urt,MN,46.6806,113.2792,10.36,79,4,7.83,clear sky
656,Kysyl-Syr,RU,63.8986,122.7617,-23.51,100,85,2.55,overcast clouds
657,Merauke,ID,-8.4667,140.3333,83.46,76,100,12.24,light rain
658,Daneasa,RO,44.15,24.5667,34.65,52,0,8.28,clear sky
659,Yarmouth,US,41.7057,-70.2286,32.14,96,100,13.8,snow
660,Saravan,AM,39.7196,45.6483,27.25,95,100,5.93,light snow
661,Sur,OM,22.5667,59.5289,81.21,28,3,4.47,clear sky
